storage_number,cell_barcode
Test#A1-0000001,Test_2025_01_16_7517
Test#B1-0000001,Test_2025_01_16_7517
Test#A2-0000002,Test_2025_01_16_7628
Test#B2-0000002,Test_2025_01_16_7628
Test#A3-0000003,Test_2025_01_16_7524
Test#B3-0000003,Test_2025_01_16_7524
Test#A4-0000004,Test_2025_01_16_7522
Test#B4-0000004,Test_2025_01_16_7522
Test#A5-0000005,Test_2025_01_16_7718
Test#B5-0000005,Test_2025_01_16_7718
Test#A6-0000006,Test_2025_01_16_7665
Test#B6-0000006,Test_2025_01_16_7665
Test#A7-0000007,Test_2025_01_16_7635
Test#B7-0000007,Test_2025_01_16_7635
Test#A8-0000008,Test_2025_01_16_7632
Test#B8-0000008,Test_2025_01_16_7632
Test#A1-0000009,Test_2025_01_16_7541
Test#B1-0000009,Test_2025_01_16_7541
Test#A2-0000010,Test_2025_01_16_7661
Test#B2-0000010,Test_2025_01_16_7661
Test#A3-0000011,Test_2025_01_16_7636
Test#B3-0000011,Test_2025_01_16_7636
Test#A4-0000012,Test_2025_01_16_7755
Test#B4-0000012,Test_2025_01_16_7755
Test#A5-0000013,Test_2025_01_16_7717
Test#B5-0000013,Test_2025_01_16_7717
Test#A6-0000014,Test_2025_01_16_7604
Test#B6-0000014,Test_2025_01_16_7604
Test#A7-0000015,Test_2025_01_16_7610
Test#B7-0000015,Test_2025_01_16_7610
Test#A8-0000016,Test_2025_01_16_7545
Test#B8-0000016,Test_2025_01_16_7545
Test#A1-0000017,Test_2025_01_16_7714
Test#B1-0000017,Test_2025_01_16_7714
Test#A2-0000018,Test_2025_01_16_7700
Test#B2-0000018,Test_2025_01_16_7700
Test#A3-0000019,Test_2025_01_16_7689
Test#B3-0000019,Test_2025_01_16_7689
Test#A4-0000020,Test_2025_01_16_7739
Test#B4-0000020,Test_2025_01_16_7739
Test#A5-0000021,Test_2025_01_16_7528
Test#B5-0000021,Test_2025_01_16_7528
Test#A6-0000022,Test_2025_01_16_7532
Test#B6-0000022,Test_2025_01_16_7532
Test#A7-0000023,Test_2025_01_16_7749
Test#B7-0000023,Test_2025_01_16_7749
Test#A8-0000024,Test_2025_01_16_7736
Test#B8-0000024,Test_2025_01_16_7736
Test#A1-0000025,Test_2025_01_16_7742
Test#B1-0000025,Test_2025_01_16_7742
Test#A2-0000026,Test_2025_01_16_7696
Test#B2-0000026,Test_2025_01_16_7696
Test#A3-0000027,Test_2025_01_16_7551
Test#B3-0000027,Test_2025_01_16_7551
Test#A4-0000028,Test_2025_01_16_7701
Test#B4-0000028,Test_2025_01_16_7701
Test#A5-0000029,Test_2025_01_16_7676
Test#B5-0000029,Test_2025_01_16_7676
Test#A6-0000030,Test_2025_01_16_7675
Test#B6-0000030,Test_2025_01_16_7675
Test#A7-0000031,Test_2025_01_16_7531
Test#B7-0000031,Test_2025_01_16_7531
Test#A8-0000032,Test_2025_01_16_7747
Test#B8-0000032,Test_2025_01_16_7747
Test#A1-0000033,Test_2025_01_16_7772
Test#B1-0000033,Test_2025_01_16_7772
Test#A2-0000034,Test_2025_01_16_7752
Test#B2-0000034,Test_2025_01_16_7752
Test#A3-0000035,Test_2025_01_16_7765
Test#B3-0000035,Test_2025_01_16_7765
Test#A4-0000036,Test_2025_01_16_7781
Test#B4-0000036,Test_2025_01_16_7781
Test#A5-0000037,Test_2025_01_16_7679
Test#B5-0000037,Test_2025_01_16_7679
Test#A6-0000038,Test_2025_01_16_7557
Test#B6-0000038,Test_2025_01_16_7557
Test#A7-0000039,Test_2025_01_16_7760
Test#B7-0000039,Test_2025_01_16_7760
Test#A8-0000040,Test_2025_01_16_7770
Test#B8-0000040,Test_2025_01_16_7770
Test#A1-0000041,Test_2025_01_16_7663
Test#B1-0000041,Test_2025_01_16_7663
Test#A2-0000042,Test_2025_01_16_7626
Test#B2-0000042,Test_2025_01_16_7626
Test#A3-0000043,Test_2025_01_16_7705
Test#B3-0000043,Test_2025_01_16_7705
Test#A4-0000044,Test_2025_01_16_7711
Test#B4-0000044,Test_2025_01_16_7711
Test#A5-0000045,Test_2025_01_16_7674
Test#B5-0000045,Test_2025_01_16_7674
Test#A6-0000046,Test_2025_01_16_7640
Test#B6-0000046,Test_2025_01_16_7640
Test#A7-0000047,Test_2025_01_16_7567
Test#B7-0000047,Test_2025_01_16_7567
Test#A8-0000048,Test_2025_01_16_7697
Test#B8-0000048,Test_2025_01_16_7697
Test#A1-0000049,Test_2025_01_16_7625
Test#B1-0000049,Test_2025_01_16_7625
Test#A2-0000050,Test_2025_01_16_7613
Test#B2-0000050,Test_2025_01_16_7613
Test#A3-0000051,Test_2025_01_16_7694
Test#B3-0000051,Test_2025_01_16_7694
Test#A4-0000052,Test_2025_01_16_7511
Test#B4-0000052,Test_2025_01_16_7511
Test#A5-0000053,Test_2025_01_16_7633
Test#B5-0000053,Test_2025_01_16_7633
Test#A6-0000054,Test_2025_01_16_7764
Test#B6-0000054,Test_2025_01_16_7764
Test#A7-0000055,Test_2025_01_16_7702
Test#B7-0000055,Test_2025_01_16_7702
Test#A8-0000056,Test_2025_01_16_7588
Test#B8-0000056,Test_2025_01_16_7588
Test#A1-0000057,Test_2025_01_16_7782
Test#B1-0000057,Test_2025_01_16_7782
Test#A2-0000058,Test_2025_01_16_7612
Test#B2-0000058,Test_2025_01_16_7612
Test#A3-0000059,Test_2025_01_16_7712
Test#B3-0000059,Test_2025_01_16_7712
Test#A4-0000060,Test_2025_01_16_7686
Test#B4-0000060,Test_2025_01_16_7686
Test#A5-0000061,Test_2025_01_16_7589
Test#B5-0000061,Test_2025_01_16_7589
Test#A6-0000062,Test_2025_01_16_7602
Test#B6-0000062,Test_2025_01_16_7602
Test#A7-0000063,Test_2025_01_16_7526
Test#B7-0000063,Test_2025_01_16_7526
Test#A8-0000064,Test_2025_01_16_7729
Test#B8-0000064,Test_2025_01_16_7729
Test#A1-0000065,Test_2025_01_16_7530
Test#B1-0000065,Test_2025_01_16_7530
Test#A2-0000066,Test_2025_01_16_7735
Test#B2-0000066,Test_2025_01_16_7735
Test#A3-0000067,Test_2025_01_16_7548
Test#B3-0000067,Test_2025_01_16_7548
Test#A4-0000068,Test_2025_01_16_7618
Test#B4-0000068,Test_2025_01_16_7618
Test#A5-0000069,Test_2025_01_16_7740
Test#B5-0000069,Test_2025_01_16_7740
Test#A6-0000070,Test_2025_01_16_7594
Test#B6-0000070,Test_2025_01_16_7594
Test#A7-0000071,Test_2025_01_16_7708
Test#B7-0000071,Test_2025_01_16_7708
Test#A8-0000072,Test_2025_01_16_7759
Test#B8-0000072,Test_2025_01_16_7759
Test#A1-0000073,Test_2025_01_16_7762
Test#B1-0000073,Test_2025_01_16_7762
Test#A2-0000074,Test_2025_01_16_7630
Test#B2-0000074,Test_2025_01_16_7630
Test#A3-0000075,Test_2025_01_16_7564
Test#B3-0000075,Test_2025_01_16_7564
Test#A4-0000076,Test_2025_01_16_7560
Test#B4-0000076,Test_2025_01_16_7560
Test#A5-0000077,Test_2025_01_16_7668
Test#B5-0000077,Test_2025_01_16_7668
Test#A6-0000078,Test_2025_01_16_7672
Test#B6-0000078,Test_2025_01_16_7672
Test#A7-0000079,Test_2025_01_16_7753
Test#B7-0000079,Test_2025_01_16_7753
Test#A8-0000080,Test_2025_01_16_7709
Test#B8-0000080,Test_2025_01_16_7709
Test#A1-0000081,Test_2025_01_16_7691
Test#B1-0000081,Test_2025_01_16_7691
Test#A2-0000082,Test_2025_01_16_7559
Test#B2-0000082,Test_2025_01_16_7559
Test#A3-0000083,Test_2025_01_16_7537
Test#B3-0000083,Test_2025_01_16_7537
Test#A4-0000084,Test_2025_01_16_7730
Test#B4-0000084,Test_2025_01_16_7730
Test#A5-0000085,Test_2025_01_16_7723
Test#B5-0000085,Test_2025_01_16_7723
Test#A6-0000086,Test_2025_01_16_7767
Test#B6-0000086,Test_2025_01_16_7767
Test#A7-0000087,Test_2025_01_16_7565
Test#B7-0000087,Test_2025_01_16_7565
Test#A8-0000088,Test_2025_01_16_7556
Test#B8-0000088,Test_2025_01_16_7556
Test#A1-0000089,Test_2025_01_16_7716
Test#B1-0000089,Test_2025_01_16_7716
Test#A2-0000090,Test_2025_01_16_7670
Test#B2-0000090,Test_2025_01_16_7670
Test#A3-0000091,Test_2025_01_16_7673
Test#B3-0000091,Test_2025_01_16_7673
Test#A4-0000092,Test_2025_01_16_7769
Test#B4-0000092,Test_2025_01_16_7769
Test#A5-0000093,Test_2025_01_16_7768
Test#B5-0000093,Test_2025_01_16_7768
Test#A6-0000094,Test_2025_01_16_7671
Test#B6-0000094,Test_2025_01_16_7671
Test#A7-0000095,Test_2025_01_16_7684
Test#B7-0000095,Test_2025_01_16_7684
Test#A8-0000096,Test_2025_01_16_7591
Test#B8-0000096,Test_2025_01_16_7591
Test#A1-0000097,Test_2025_01_16_7685
Test#B1-0000097,Test_2025_01_16_7685
Test#A2-0000098,Test_2025_01_16_7771
Test#B2-0000098,Test_2025_01_16_7771
Test#A3-0000099,Test_2025_01_16_7710
Test#B3-0000099,Test_2025_01_16_7710
Test#A4-0000100,Test_2025_01_16_7777
Test#B4-0000100,Test_2025_01_16_7777
Test#A5-0000101,Test_2025_01_16_7766
Test#B5-0000101,Test_2025_01_16_7766
Test#A6-0000102,Test_2025_01_16_7621
Test#B6-0000102,Test_2025_01_16_7621
Test#A7-0000103,Test_2025_01_16_7763
Test#B7-0000103,Test_2025_01_16_7763
Test#A8-0000104,Test_2025_01_16_7614
Test#B8-0000104,Test_2025_01_16_7614
Test#A1-0000105,Test_2025_01_16_7599
Test#B1-0000105,Test_2025_01_16_7599
Test#A2-0000106,Test_2025_01_16_7622
Test#B2-0000106,Test_2025_01_16_7622
Test#A3-0000107,Test_2025_01_16_7780
Test#B3-0000107,Test_2025_01_16_7780
Test#A4-0000108,Test_2025_01_16_7616
Test#B4-0000108,Test_2025_01_16_7616
Test#A5-0000109,Test_2025_01_16_7586
Test#B5-0000109,Test_2025_01_16_7586
Test#A6-0000110,Test_2025_01_16_7615
Test#B6-0000110,Test_2025_01_16_7615
Test#A7-0000111,Test_2025_01_16_7598
Test#B7-0000111,Test_2025_01_16_7598
Test#A8-0000112,Test_2025_01_16_7596
Test#B8-0000112,Test_2025_01_16_7596
Test#A1-0000113,Test_2025_01_16_7758
Test#B1-0000113,Test_2025_01_16_7758
Test#A2-0000114,Test_2025_01_16_7523
Test#B2-0000114,Test_2025_01_16_7523
Test#A3-0000115,Test_2025_01_16_7754
Test#B3-0000115,Test_2025_01_16_7754
Test#A4-0000116,Test_2025_01_16_7519
Test#B4-0000116,Test_2025_01_16_7519
Test#A5-0000117,Test_2025_01_16_7553
Test#B5-0000117,Test_2025_01_16_7553
Test#A6-0000118,Test_2025_01_16_7561
Test#B6-0000118,Test_2025_01_16_7561
Test#A7-0000119,Test_2025_01_16_7637
Test#B7-0000119,Test_2025_01_16_7637
Test#A8-0000120,Test_2025_01_16_7756
Test#B8-0000120,Test_2025_01_16_7756
Test#A1-0000121,Test_2025_01_16_7566
Test#B1-0000121,Test_2025_01_16_7566
Test#A2-0000122,Test_2025_01_16_7619
Test#B2-0000122,Test_2025_01_16_7619
Test#A3-0000123,Test_2025_01_16_7725
Test#B3-0000123,Test_2025_01_16_7725
Test#A4-0000124,Test_2025_01_16_7629
Test#B4-0000124,Test_2025_01_16_7629
Test#A5-0000125,Test_2025_01_16_7631
Test#B5-0000125,Test_2025_01_16_7631
Test#A6-0000126,Test_2025_01_16_7568
Test#B6-0000126,Test_2025_01_16_7568
Test#A7-0000127,Test_2025_01_16_7540
Test#B7-0000127,Test_2025_01_16_7540
Test#A8-0000128,Test_2025_01_16_7521
Test#B8-0000128,Test_2025_01_16_7521
Test#A1-0000129,Test_2025_01_16_7552
Test#B1-0000129,Test_2025_01_16_7552
Test#A2-0000130,Test_2025_01_16_7611
Test#B2-0000130,Test_2025_01_16_7611
Test#A3-0000131,Test_2025_01_16_7592
Test#B3-0000131,Test_2025_01_16_7592
Test#A4-0000132,Test_2025_01_16_7587
Test#B4-0000132,Test_2025_01_16_7587
Test#A5-0000133,Test_2025_01_16_7627
Test#B5-0000133,Test_2025_01_16_7627
Test#A6-0000134,Test_2025_01_16_7687
Test#B6-0000134,Test_2025_01_16_7687
Test#A7-0000135,Test_2025_01_16_7562
Test#B7-0000135,Test_2025_01_16_7562
Test#A8-0000136,Test_2025_01_16_7555
Test#B8-0000136,Test_2025_01_16_7555
Test#A1-0000137,Test_2025_01_16_7695
Test#B1-0000137,Test_2025_01_16_7695
Test#A2-0000138,Test_2025_01_16_7617
Test#B2-0000138,Test_2025_01_16_7617
Test#A3-0000139,Test_2025_01_16_7597
Test#B3-0000139,Test_2025_01_16_7597
Test#A4-0000140,Test_2025_01_16_7620
Test#B4-0000140,Test_2025_01_16_7620
Test#A5-0000141,Test_2025_01_16_7624
Test#B5-0000141,Test_2025_01_16_7624
Test#A6-0000142,Test_2025_01_16_7667
Test#B6-0000142,Test_2025_01_16_7667
Test#A7-0000143,Test_2025_01_16_7623
Test#B7-0000143,Test_2025_01_16_7623
Test#A8-0000144,Test_2025_01_16_7585
Test#B8-0000144,Test_2025_01_16_7585
Test#A1-0000145,Test_2025_01_16_7609
Test#B1-0000145,Test_2025_01_16_7609
Test#A2-0000146,Test_2025_01_16_7605
Test#B2-0000146,Test_2025_01_16_7605
Test#A3-0000147,Test_2025_01_16_7563
Test#B3-0000147,Test_2025_01_16_7563
Test#A4-0000148,Test_2025_01_16_7595
Test#B4-0000148,Test_2025_01_16_7595
Test#A5-0000149,Test_2025_01_16_7583
Test#B5-0000149,Test_2025_01_16_7583
Test#A6-0000150,Test_2025_01_16_7608
Test#B6-0000150,Test_2025_01_16_7608
Test#A7-0000151,Test_2025_01_16_7662
Test#B7-0000151,Test_2025_01_16_7662
Test#A8-0000152,Test_2025_01_16_7692
Test#B8-0000152,Test_2025_01_16_7692
