No,cell_barcode,barcode,cell,A열_저장번호,A열_이물정보,B열_저장번호,B열_이물정보,match_status
1,Test_2025_01_16_7517,7517,171,Test#A1-0000001,CU/BALL/400/BC1C2,Test#B1-0000001,CU/BALL/400/BC1C2,OK
2,Test_2025_01_16_7628,7628,194,Test#A2-0000002,AL/BALL/1200/A2C1,Test#B2-0000002,AL/BALL/1200/A2C1,OK
3,Test_2025_01_16_7524,7524,164,Test#A3-0000003,CU/BALL/500/BC1C2,Test#B3-0000003,CU/BALL/500/BC1C2,OK
4,Test_2025_01_16_7522,7522,166,Test#A4-0000004,CU/BALL/500/BC1C2,Test#B4-0000004,CU/BALL/500/BC1C2,OK
5,Test_2025_01_16_7718,7718,110,Test#A5-0000005,AL/BALL/1000/A1C1,Test#B5-0000005,AL/BALL/1000/A1C1,OK
6,Test_2025_01_16_7665,7665,122,Test#A6-0000006,SCRAP/SCRAP/7X7/B,Test#B6-0000006,SCRAP/SCRAP/7X7/B,OK
7,Test_2025_01_16_7635,7635,180,Test#A7-0000007,AL/BALL/1200/A1C1,Test#B7-0000007,AL/BALL/1200/A1C1,OK
8,Test_2025_01_16_7632,7632,196,Test#A8-0000008,AL/BALL/1200/A1C1,Test#B8-0000008,AL/BALL/1200/A1C1,OK
9,Test_2025_01_16_7541,7541,150,Test#A1-0000009,SUS/BALL/500/BC1C2,Test#B1-0000009,SUS/BALL/500/BC1C2,OK
10,Test_2025_01_16_7661,7661,125,Test#A2-0000010,SCRAP/SCRAP/7X7/B,Test#B2-0000010,SCRAP/SCRAP/7X7/B,OK
11,Test_2025_01_16_7636,7636,181,Test#A3-0000011,AL/BALL/1200/A1C1,Test#B3-0000011,AL/BALL/1200/A1C1,OK
12,Test_2025_01_16_7755,7755,101,Test#A4-0000012,CU/BALL/500/A2C1,Test#B4-0000012,CU/BALL/500/A2C1,OK
13,Test_2025_01_16_7717,7717,264,Test#A5-0000013,AL/BALL/1000/A1C1,Test#B5-0000013,AL/BALL/1000/A1C1,OK
14,Test_2025_01_16_7604,7604,262,Test#A6-0000014,AL/BALL/1000/A1C1,Test#B6-0000014,AL/BALL/1000/A1C1,OK
15,Test_2025_01_16_7610,7610,204,Test#A7-0000015,AL/BALL/1000/A2C1,Test#B7-0000015,AL/BALL/1000/A2C1,OK
16,Test_2025_01_16_7545,7545,148,Test#A8-0000016,AL/BALL/1000/BC1,Test#B8-0000016,AL/BALL/1000/BC1,OK
17,Test_2025_01_16_7714,7714,263,Test#A1-0000017,AL/BALL/1000/A1C1,Test#B1-0000017,AL/BALL/1000/A1C1,OK
18,Test_2025_01_16_7700,7700,5,Test#A2-0000018,SCRAP/SCRAP/6X6/A1,Test#B2-0000018,SCRAP/SCRAP/6X6/A1,OK
19,Test_2025_01_16_7689,7689,15,Test#A3-0000019,SCRAP/SCRAP/6X6/A2,Test#B3-0000019,SCRAP/SCRAP/6X6/A2,OK
20,Test_2025_01_16_7739,7739,247,Test#A4-0000020,SUS/BALL/400/A2C1C2,Test#B4-0000020,SUS/BALL/400/A2C1C2,OK
21,Test_2025_01_16_7528,7528,251,Test#A5-0000021,SUS/BALL/400/BC1C2,Test#B5-0000021,SUS/BALL/400/BC1C2,OK
22,Test_2025_01_16_7532,7532,159,Test#A6-0000022,SUS/BALL/400/BC1C2,Test#B6-0000022,SUS/BALL/400/BC1C2,OK
23,Test_2025_01_16_7749,7749,63,Test#A7-0000023,SUS/BALL/400/A1C1,Test#B7-0000023,SUS/BALL/400/A1C1,OK
24,Test_2025_01_16_7736,7736,51,Test#A8-0000024,SUS/BALL/400/A2C1,Test#B8-0000024,SUS/BALL/400/A2C1,OK
25,Test_2025_01_16_7742,7742,55,Test#A1-0000025,SUS/BALL/400/A2C1,Test#B1-0000025,SUS/BALL/400/A2C1,OK
26,Test_2025_01_16_7696,7696,237,Test#A2-0000026,SCRAP/SCRAP/6X6/A2,Test#B2-0000026,SCRAP/SCRAP/6X6/A2,OK
27,Test_2025_01_16_7551,7551,145,Test#A3-0000027,AL/BALL/1000/BC1,Test#B3-0000027,AL/BALL/1000/BC1,OK
28,Test_2025_01_16_7701,7701,107,Test#A4-0000028,SCRAP/SCRAP/6X6/A1,Test#B4-0000028,SCRAP/SCRAP/6X6/A1,OK
29,Test_2025_01_16_7676,7676,114,Test#A5-0000029,SCRAP/SCRAP/6X6/B,Test#B5-0000029,SCRAP/SCRAP/6X6/B,OK
30,Test_2025_01_16_7675,7675,106,Test#A6-0000030,SCRAP/SCRAP/6X6/B,Test#B6-0000030,SCRAP/SCRAP/6X6/B,OK
31,Test_2025_01_16_7531,7531,160,Test#A7-0000031,SUS/BALL/400/BC1C2,Test#B7-0000031,SUS/BALL/400/BC1C2,OK
32,Test_2025_01_16_7747,7747,NULL,Test#A8-0000032,매칭 실패,Test#B8-0000032,매칭 실패,barcode 매칭 실패
33,Test_2025_01_16_7772,7772,89,Test#A1-0000033,CU/BALL/400/A2C1,Test#B1-0000033,CU/BALL/400/A2C1,OK
34,Test_2025_01_16_7752,7752,98,Test#A2-0000034,CU/BALL/500/A2C1,Test#B2-0000034,CU/BALL/500/A2C1,OK
35,Test_2025_01_16_7765,7765,97,Test#A3-0000035,CU/BALL/500/A1C1,Test#B3-0000035,CU/BALL/500/A1C1,OK
36,Test_2025_01_16_7781,7781,82,Test#A4-0000036,CU/BALL/400/A1C1,Test#B4-0000036,CU/BALL/400/A1C1,OK
37,Test_2025_01_16_7679,7679,21,Test#A5-0000037,SCRAP/SCRAP/6X6/B,Test#B5-0000037,SCRAP/SCRAP/6X6/B,OK
38,Test_2025_01_16_7557,7557,138,Test#A6-0000038,AL/BALL/1200/BC1,Test#B6-0000038,AL/BALL/1200/BC1,OK
39,Test_2025_01_16_7760,7760,90,Test#A7-0000039,CU/BALL/500/A1C1,Test#B7-0000039,CU/BALL/500/A1C1,OK
40,Test_2025_01_16_7770,7770,87,Test#A8-0000040,CU/BALL/400/A2C1,Test#B8-0000040,CU/BALL/400/A2C1,OK
41,Test_2025_01_16_7663,7663,124,Test#A1-0000041,SCRAP/SCRAP/7X7/B,Test#B1-0000041,SCRAP/SCRAP/7X7/B,OK
42,Test_2025_01_16_7626,7626,190,Test#A2-0000042,AL/BALL/1200/A2C1,Test#B2-0000042,AL/BALL/1200/A2C1,OK
43,Test_2025_01_16_7705,7705,2,Test#A3-0000043,SCRAP/SCRAP/6X6/A1,Test#B3-0000043,SCRAP/SCRAP/6X6/A1,OK
44,Test_2025_01_16_7711,7711,48,Test#A4-0000044,AL/BALL/1000/A1C1,Test#B4-0000044,AL/BALL/1000/A1C1,OK
45,Test_2025_01_16_7674,7674,24,Test#A5-0000045,SCRAP/SCRAP/7X7/B,Test#B5-0000045,SCRAP/SCRAP/7X7/B,OK
46,Test_2025_01_16_7640,7640,176,Test#A6-0000046,AL/BALL/1200/A1C1,Test#B6-0000046,AL/BALL/1200/A1C1,OK
47,Test_2025_01_16_7567,7567,129,Test#A7-0000047,AL/BALL/1200/BC1,Test#B7-0000047,AL/BALL/1200/BC1,OK
48,Test_2025_01_16_7697,7697,13,Test#A8-0000048,SCRAP/SCRAP/6X6/A2,Test#B8-0000048,SCRAP/SCRAP/6X6/A2,OK
49,Test_2025_01_16_7625,7625,188,Test#A1-0000049,AL/BALL/1200/A2C1,Test#B1-0000049,AL/BALL/1200/A2C1,OK
50,Test_2025_01_16_7613,7613,201,Test#A2-0000050,AL/BALL/1000/A2C1,Test#B2-0000050,AL/BALL/1000/A2C1,OK
51,Test_2025_01_16_7694,7694,11,Test#A3-0000051,SCRAP/SCRAP/6X6/A2,Test#B3-0000051,SCRAP/SCRAP/6X6/A2,OK
52,Test_2025_01_16_7511,7511,256,Test#A4-0000052,CU/BALL/400/BC1C2,Test#B4-0000052,CU/BALL/400/BC1C2,OK
53,Test_2025_01_16_7633,7633,182,Test#A5-0000053,AL/BALL/1200/A1C1,Test#B5-0000053,AL/BALL/1200/A1C1,OK
54,Test_2025_01_16_7764,7764,94,Test#A6-0000054,CU/BALL/500/A1C1,Test#B6-0000054,CU/BALL/500/A1C1,OK
55,Test_2025_01_16_7702,7702,3,Test#A7-0000055,SCRAP/SCRAP/6X6/A1,Test#B7-0000055,SCRAP/SCRAP/6X6/A1,OK
56,Test_2025_01_16_7588,7588,185,Test#A8-0000056,SCRAP/SCRAP/7X7/A1,Test#B8-0000056,SCRAP/SCRAP/7X7/A1,OK
57,Test_2025_01_16_7782,7782,81,Test#A1-0000057,CU/BALL/400/A1C1,Test#B1-0000057,CU/BALL/400/A1C1,OK
58,Test_2025_01_16_7612,7612,202,Test#A2-0000058,AL/BALL/1000/A2C1,Test#B2-0000058,AL/BALL/1000/A2C1,OK
59,Test_2025_01_16_7712,7712,119,Test#A3-0000059,AL/BALL/1000/A1C1,Test#B3-0000059,AL/BALL/1000/A1C1,OK
60,Test_2025_01_16_7686,7686,16,Test#A4-0000060,SCRAP/SCRAP/6X6/B,Test#B4-0000060,SCRAP/SCRAP/6X6/B,OK
61,Test_2025_01_16_7589,7589,186,Test#A5-0000061,SCRAP/SCRAP/7X7/A1,Test#B5-0000061,SCRAP/SCRAP/7X7/A1,OK
62,Test_2025_01_16_7602,7602,184,Test#A6-0000062,SCRAP/SCRAP/7X7/A2,Test#B6-0000062,SCRAP/SCRAP/7X7/A2,OK
63,Test_2025_01_16_7526,7526,162,Test#A7-0000063,CU/BALL/500/BC1C2,Test#B7-0000063,CU/BALL/500/BC1C2,OK
64,Test_2025_01_16_7729,7729,45,Test#A8-0000064,SUS/BALL/500/A1C1,Test#B8-0000064,SUS/BALL/500/A1C1,OK
65,Test_2025_01_16_7530,7530,161,Test#A1-0000065,SUS/BALL/400/BC1C2,Test#B1-0000065,SUS/BALL/400/BC1C2,OK
66,Test_2025_01_16_7735,7735,41,Test#A2-0000066,SUS/BALL/500/A1C1,Test#B2-0000066,SUS/BALL/500/A1C1,OK
67,Test_2025_01_16_7548,7548,109,Test#A3-0000067,AL/BALL/1000/BC1,Test#B3-0000067,AL/BALL/1000/BC1,OK
68,Test_2025_01_16_7618,7618,189,Test#A4-0000068,AL/BALL/1200/A2C1,Test#B4-0000068,AL/BALL/1200/A2C1,OK
69,Test_2025_01_16_7740,7740,249,Test#A5-0000069,SUS/BALL/400/A2C1C2,Test#B5-0000069,SUS/BALL/400/A2C1C2,OK
70,Test_2025_01_16_7594,7594,183,Test#A6-0000070,SCRAP/SCRAP/7X7/A2,Test#B6-0000070,SCRAP/SCRAP/7X7/A2,OK
71,Test_2025_01_16_7708,7708,NULL,Test#A7-0000071,매칭 실패,Test#B7-0000071,매칭 실패,barcode 매칭 실패
72,Test_2025_01_16_7759,7759,105,Test#A8-0000072,CU/BALL/500/A2C1,Test#B8-0000072,CU/BALL/500/A2C1,OK
73,Test_2025_01_16_7762,7762,92,Test#A1-0000073,CU/BALL/500/A1C1,Test#B1-0000073,CU/BALL/500/A1C1,OK
74,Test_2025_01_16_7630,7630,195,Test#A2-0000074,AL/BALL/1200/A1C1,Test#B2-0000074,AL/BALL/1200/A1C1,OK
75,Test_2025_01_16_7564,7564,132,Test#A3-0000075,AL/BALL/1200/BC1,Test#B3-0000075,AL/BALL/1200/BC1,OK
76,Test_2025_01_16_7560,7560,136,Test#A4-0000076,AL/BALL/1200/BC1,Test#B4-0000076,AL/BALL/1200/BC1,OK
77,Test_2025_01_16_7668,7668,31,Test#A5-0000077,SCRAP/SCRAP/7X7/B,Test#B5-0000077,SCRAP/SCRAP/7X7/B,OK
78,Test_2025_01_16_7672,7672,25,Test#A6-0000078,SCRAP/SCRAP/7X7/B,Test#B6-0000078,SCRAP/SCRAP/7X7/B,OK
79,Test_2025_01_16_7753,7753,99,Test#A7-0000079,CU/BALL/500/A2C1,Test#B7-0000079,CU/BALL/500/A2C1,OK
80,Test_2025_01_16_7709,7709,58,Test#A8-0000080,AL/BALL/1000/A1C1,Test#B8-0000080,AL/BALL/1000/A1C1,OK
81,Test_2025_01_16_7691,7691,12,Test#A1-0000081,SCRAP/SCRAP/6X6/A2,Test#B1-0000081,SCRAP/SCRAP/6X6/A2,OK
82,Test_2025_01_16_7559,7559,137,Test#A2-0000082,AL/BALL/1200/BC1,Test#B2-0000082,AL/BALL/1200/BC1,OK
83,Test_2025_01_16_7537,7537,155,Test#A3-0000083,SUS/BALL/500/BC1C2,Test#B3-0000083,SUS/BALL/500/BC1C2,OK
84,Test_2025_01_16_7730,7730,46,Test#A4-0000084,SUS/BALL/500/A1C1,Test#B4-0000084,SUS/BALL/500/A1C1,OK
85,Test_2025_01_16_7723,7723,35,Test#A5-0000085,SUS/BALL/500/A2C1,Test#B5-0000085,SUS/BALL/500/A2C1,OK
86,Test_2025_01_16_7767,7767,95,Test#A6-0000086,CU/BALL/500/A1C1,Test#B6-0000086,CU/BALL/500/A1C1,OK
87,Test_2025_01_16_7565,7565,131,Test#A7-0000087,AL/BALL/1200/BC1,Test#B7-0000087,AL/BALL/1200/BC1,OK
88,Test_2025_01_16_7556,7556,140,Test#A8-0000088,AL/BALL/1200/BC1,Test#B8-0000088,AL/BALL/1200/BC1,OK
89,Test_2025_01_16_7716,7716,57,Test#A1-0000089,AL/BALL/1000/A1C1,Test#B1-0000089,AL/BALL/1000/A1C1,OK
90,Test_2025_01_16_7670,7670,28,Test#A2-0000090,SCRAP/SCRAP/7X7/B,Test#B2-0000090,SCRAP/SCRAP/7X7/B,OK
91,Test_2025_01_16_7673,7673,26,Test#A3-0000091,SCRAP/SCRAP/7X7/B,Test#B3-0000091,SCRAP/SCRAP/7X7/B,OK
92,Test_2025_01_16_7769,7769,86,Test#A4-0000092,CU/BALL/400/A2C1,Test#B4-0000092,CU/BALL/400/A2C1,OK
93,Test_2025_01_16_7768,7768,85,Test#A5-0000093,CU/BALL/400/A2C1,Test#B5-0000093,CU/BALL/400/A2C1,OK
94,Test_2025_01_16_7671,7671,27,Test#A6-0000094,SCRAP/SCRAP/7X7/B,Test#B6-0000094,SCRAP/SCRAP/7X7/B,OK
95,Test_2025_01_16_7684,7684,19,Test#A7-0000095,SCRAP/SCRAP/6X6/B,Test#B7-0000095,SCRAP/SCRAP/6X6/B,OK
96,Test_2025_01_16_7591,7591,224,Test#A8-0000096,SCRAP/SCRAP/7X7/A1,Test#B8-0000096,SCRAP/SCRAP/7X7/A1,OK
97,Test_2025_01_16_7685,7685,17,Test#A1-0000097,SCRAP/SCRAP/6X6/B,Test#B1-0000097,SCRAP/SCRAP/6X6/B,OK
98,Test_2025_01_16_7771,7771,88,Test#A2-0000098,CU/BALL/400/A2C1,Test#B2-0000098,CU/BALL/400/A2C1,OK
99,Test_2025_01_16_7710,7710,56,Test#A3-0000099,AL/BALL/1000/A1C1,Test#B3-0000099,AL/BALL/1000/A1C1,OK
100,Test_2025_01_16_7777,7777,254,Test#A4-0000100,CU/BALL/400/A1C1C2,Test#B4-0000100,CU/BALL/400/A1C1C2,OK
101,Test_2025_01_16_7766,7766,96,Test#A5-0000101,CU/BALL/500/A1C1,Test#B5-0000101,CU/BALL/500/A1C1,OK
102,Test_2025_01_16_7621,7621,223,Test#A6-0000102,AL/BALL/1200/A2C1,Test#B6-0000102,AL/BALL/1200/A2C1,OK
103,Test_2025_01_16_7763,7763,93,Test#A7-0000103,CU/BALL/500/A1C1,Test#B7-0000103,CU/BALL/500/A1C1,OK
104,Test_2025_01_16_7614,7614,207,Test#A8-0000104,AL/BALL/1000/A2C1,Test#B8-0000104,AL/BALL/1000/A2C1,OK
105,Test_2025_01_16_7599,7599,215,Test#A1-0000105,SCRAP/SCRAP/7X7/A2,Test#B1-0000105,SCRAP/SCRAP/7X7/A2,OK
106,Test_2025_01_16_7622,7622,222,Test#A2-0000106,AL/BALL/1200/A2C1,Test#B2-0000106,AL/BALL/1200/A2C1,OK
107,Test_2025_01_16_7780,7780,83,Test#A3-0000107,CU/BALL/400/A1C1,Test#B3-0000107,CU/BALL/400/A1C1,OK
108,Test_2025_01_16_7616,7616,192,Test#A4-0000108,AL/BALL/1200/A2C1,Test#B4-0000108,AL/BALL/1200/A2C1,OK
109,Test_2025_01_16_7586,7586,227,Test#A5-0000109,SCRAP/SCRAP/7X7/A1,Test#B5-0000109,SCRAP/SCRAP/7X7/A1,OK
110,Test_2025_01_16_7615,7615,193,Test#A6-0000110,AL/BALL/1200/A2C1,Test#B6-0000110,AL/BALL/1200/A2C1,OK
111,Test_2025_01_16_7598,7598,213,Test#A7-0000111,SCRAP/SCRAP/7X7/A2,Test#B7-0000111,SCRAP/SCRAP/7X7/A2,OK
112,Test_2025_01_16_7596,7596,211,Test#A8-0000112,SCRAP/SCRAP/7X7/A2,Test#B8-0000112,SCRAP/SCRAP/7X7/A2,OK
113,Test_2025_01_16_7758,7758,104,Test#A1-0000113,CU/BALL/500/A2C1,Test#B1-0000113,CU/BALL/500/A2C1,OK
114,Test_2025_01_16_7523,7523,165,Test#A2-0000114,CU/BALL/500/BC1C2,Test#B2-0000114,CU/BALL/500/BC1C2,OK
115,Test_2025_01_16_7754,7754,100,Test#A3-0000115,CU/BALL/500/A2C1,Test#B3-0000115,CU/BALL/500/A2C1,OK
116,Test_2025_01_16_7519,7519,169,Test#A4-0000116,CU/BALL/500/BC1C2,Test#B4-0000116,CU/BALL/500/BC1C2,OK
117,Test_2025_01_16_7553,7553,143,Test#A5-0000117,AL/BALL/1000/BC1,Test#B5-0000117,AL/BALL/1000/BC1,OK
118,Test_2025_01_16_7561,7561,135,Test#A6-0000118,AL/BALL/1200/BC1,Test#B6-0000118,AL/BALL/1200/BC1,OK
119,Test_2025_01_16_7637,7637,177,Test#A7-0000119,AL/BALL/1200/A1C1,Test#B7-0000119,AL/BALL/1200/A1C1,OK
120,Test_2025_01_16_7756,7756,102,Test#A8-0000120,CU/BALL/500/A2C1,Test#B8-0000120,CU/BALL/500/A2C1,OK
121,Test_2025_01_16_7566,7566,130,Test#A1-0000121,AL/BALL/1200/BC1,Test#B1-0000121,AL/BALL/1200/BC1,OK
122,Test_2025_01_16_7619,7619,187,Test#A2-0000122,AL/BALL/1200/A2C1,Test#B2-0000122,AL/BALL/1200/A2C1,OK
123,Test_2025_01_16_7725,7725,39,Test#A3-0000123,SUS/BALL/500/A2C1,Test#B3-0000123,SUS/BALL/500/A2C1,OK
124,Test_2025_01_16_7629,7629,198,Test#A4-0000124,AL/BALL/1200/A1C1,Test#B4-0000124,AL/BALL/1200/A1C1,OK
125,Test_2025_01_16_7631,7631,199,Test#A5-0000125,AL/BALL/1200/A1C1,Test#B5-0000125,AL/BALL/1200/A1C1,OK
126,Test_2025_01_16_7568,7568,128,Test#A6-0000126,AL/BALL/1200/BC1,Test#B6-0000126,AL/BALL/1200/BC1,OK
127,Test_2025_01_16_7540,7540,152,Test#A7-0000127,SUS/BALL/500/BC1C2,Test#B7-0000127,SUS/BALL/500/BC1C2,OK
128,Test_2025_01_16_7521,7521,167,Test#A8-0000128,CU/BALL/500/BC1C2,Test#B8-0000128,CU/BALL/500/BC1C2,OK
129,Test_2025_01_16_7552,7552,141,Test#A1-0000129,AL/BALL/1000/BC1,Test#B1-0000129,AL/BALL/1000/BC1,OK
130,Test_2025_01_16_7611,7611,203,Test#A2-0000130,AL/BALL/1000/A2C1,Test#B2-0000130,AL/BALL/1000/A2C1,OK
131,Test_2025_01_16_7592,7592,214,Test#A3-0000131,SCRAP/SCRAP/7X7/A2,Test#B3-0000131,SCRAP/SCRAP/7X7/A2,OK
132,Test_2025_01_16_7587,7587,226,Test#A4-0000132,SCRAP/SCRAP/7X7/A1,Test#B4-0000132,SCRAP/SCRAP/7X7/A1,OK
133,Test_2025_01_16_7627,7627,200,Test#A5-0000133,AL/BALL/1200/A1C1,Test#B5-0000133,AL/BALL/1200/A1C1,OK
134,Test_2025_01_16_7687,7687,14,Test#A6-0000134,SCRAP/SCRAP/6X6/A2,Test#B6-0000134,SCRAP/SCRAP/6X6/A2,OK
135,Test_2025_01_16_7562,7562,134,Test#A7-0000135,AL/BALL/1200/BC1,Test#B7-0000135,AL/BALL/1200/BC1,OK
136,Test_2025_01_16_7555,7555,NULL,Test#A8-0000136,매칭 실패,Test#B8-0000136,매칭 실패,barcode 매칭 실패
137,Test_2025_01_16_7695,7695,6,Test#A1-0000137,SCRAP/SCRAP/6X6/A1,Test#B1-0000137,SCRAP/SCRAP/6X6/A1,OK
138,Test_2025_01_16_7617,7617,220,Test#A2-0000138,AL/BALL/1200/A2C1,Test#B2-0000138,AL/BALL/1200/A2C1,OK
139,Test_2025_01_16_7597,7597,NULL,Test#A3-0000139,매칭 실패,Test#B3-0000139,매칭 실패,barcode 매칭 실패
140,Test_2025_01_16_7620,7620,219,Test#A4-0000140,AL/BALL/1200/A2C1,Test#B4-0000140,AL/BALL/1200/A2C1,OK
141,Test_2025_01_16_7624,7624,221,Test#A5-0000141,AL/BALL/1200/A2C1,Test#B5-0000141,AL/BALL/1200/A2C1,OK
142,Test_2025_01_16_7667,7667,29,Test#A6-0000142,SCRAP/SCRAP/7X7/B,Test#B6-0000142,SCRAP/SCRAP/7X7/B,OK
143,Test_2025_01_16_7623,7623,191,Test#A7-0000143,AL/BALL/1200/A2C1,Test#B7-0000143,AL/BALL/1200/A2C1,OK
144,Test_2025_01_16_7585,7585,228,Test#A8-0000144,SCRAP/SCRAP/7X7/A1,Test#B8-0000144,SCRAP/SCRAP/7X7/A1,OK
145,Test_2025_01_16_7609,7609,205,Test#A1-0000145,AL/BALL/1000/A2C1,Test#B1-0000145,AL/BALL/1000/A2C1,OK
146,Test_2025_01_16_7605,7605,209,Test#A2-0000146,AL/BALL/1000/A2C1,Test#B2-0000146,AL/BALL/1000/A2C1,OK
147,Test_2025_01_16_7563,7563,133,Test#A3-0000147,AL/BALL/1200/BC1,Test#B3-0000147,AL/BALL/1200/BC1,OK
148,Test_2025_01_16_7595,7595,217,Test#A4-0000148,SCRAP/SCRAP/7X7/A2,Test#B4-0000148,SCRAP/SCRAP/7X7/A2,OK
149,Test_2025_01_16_7583,7583,229,Test#A5-0000149,SCRAP/SCRAP/7X7/A1,Test#B5-0000149,SCRAP/SCRAP/7X7/A1,OK
150,Test_2025_01_16_7608,7608,267,Test#A6-0000150,AL/BALL/1000/A2C1,Test#B6-0000150,AL/BALL/1000/A2C1,OK
151,Test_2025_01_16_7662,7662,115,Test#A7-0000151,SCRAP/SCRAP/7X7/B,Test#B7-0000151,SCRAP/SCRAP/7X7/B,OK
152,Test_2025_01_16_7692,7692,236,Test#A8-0000152,SCRAP/SCRAP/6X6/A2,Test#B8-0000152,SCRAP/SCRAP/6X6/A2,OK
