storage_number,cell_barcode,barcode,cell,material,match_status
Test#A3-0000043,Test_2025_01_16_7705,7705,2,SCRAP6,OK
Test#B3-0000043,Test_2025_01_16_7705,7705,2,SCRAP6,OK
Test#A7-0000055,Test_2025_01_16_7702,7702,3,SCRAP6,OK
Test#B7-0000055,Test_2025_01_16_7702,7702,3,SCRAP6,OK
Test#A2-0000018,Test_2025_01_16_7700,7700,5,SCRAP6,OK
Test#B2-0000018,Test_2025_01_16_7700,7700,5,SCRAP6,OK
Test#A1-0000137,Test_2025_01_16_7695,7695,6,SCRAP6,OK
Test#B1-0000137,Test_2025_01_16_7695,7695,6,SCRAP6,OK
Test#A3-0000051,Test_2025_01_16_7694,7694,11,SCRAP6,OK
Test#B3-0000051,Test_2025_01_16_7694,7694,11,SCRAP6,OK
Test#A1-0000081,Test_2025_01_16_7691,7691,12,SCRAP6,OK
Test#B1-0000081,Test_2025_01_16_7691,7691,12,SCRAP6,OK
Test#A8-0000048,Test_2025_01_16_7697,7697,13,SCRAP6,OK
Test#B8-0000048,Test_2025_01_16_7697,7697,13,SCRAP6,OK
Test#A6-0000134,Test_2025_01_16_7687,7687,14,SCRAP6,OK
Test#B6-0000134,Test_2025_01_16_7687,7687,14,SCRAP6,OK
Test#A3-0000019,Test_2025_01_16_7689,7689,15,SCRAP6,OK
Test#B3-0000019,Test_2025_01_16_7689,7689,15,SCRAP6,OK
Test#A4-0000060,Test_2025_01_16_7686,7686,16,SCRAP6,OK
Test#B4-0000060,Test_2025_01_16_7686,7686,16,SCRAP6,OK
Test#A1-0000097,Test_2025_01_16_7685,7685,17,SCRAP6,OK
Test#B1-0000097,Test_2025_01_16_7685,7685,17,SCRAP6,OK
Test#A7-0000095,Test_2025_01_16_7684,7684,19,SCRAP6,OK
Test#B7-0000095,Test_2025_01_16_7684,7684,19,SCRAP6,OK
Test#A5-0000037,Test_2025_01_16_7679,7679,21,SCRAP6,OK
Test#B5-0000037,Test_2025_01_16_7679,7679,21,SCRAP6,OK
Test#A5-0000045,Test_2025_01_16_7674,7674,24,SCRAP7,OK
Test#B5-0000045,Test_2025_01_16_7674,7674,24,SCRAP7,OK
Test#A6-0000078,Test_2025_01_16_7672,7672,25,SCRAP7,OK
Test#B6-0000078,Test_2025_01_16_7672,7672,25,SCRAP7,OK
Test#A3-0000091,Test_2025_01_16_7673,7673,26,SCRAP7,OK
Test#B3-0000091,Test_2025_01_16_7673,7673,26,SCRAP7,OK
Test#A6-0000094,Test_2025_01_16_7671,7671,27,SCRAP7,OK
Test#B6-0000094,Test_2025_01_16_7671,7671,27,SCRAP7,OK
Test#A2-0000090,Test_2025_01_16_7670,7670,28,SCRAP7,OK
Test#B2-0000090,Test_2025_01_16_7670,7670,28,SCRAP7,OK
Test#A6-0000142,Test_2025_01_16_7667,7667,29,SCRAP7,OK
Test#B6-0000142,Test_2025_01_16_7667,7667,29,SCRAP7,OK
Test#A5-0000077,Test_2025_01_16_7668,7668,31,SCRAP7,OK
Test#B5-0000077,Test_2025_01_16_7668,7668,31,SCRAP7,OK
Test#A5-0000085,Test_2025_01_16_7723,7723,35,SUS500,OK
Test#B5-0000085,Test_2025_01_16_7723,7723,35,SUS500,OK
Test#A3-0000123,Test_2025_01_16_7725,7725,39,SUS500,OK
Test#B3-0000123,Test_2025_01_16_7725,7725,39,SUS500,OK
Test#A2-0000066,Test_2025_01_16_7735,7735,41,SUS500,OK
Test#B2-0000066,Test_2025_01_16_7735,7735,41,SUS500,OK
Test#A8-0000064,Test_2025_01_16_7729,7729,45,SUS500,OK
Test#B8-0000064,Test_2025_01_16_7729,7729,45,SUS500,OK
Test#A4-0000084,Test_2025_01_16_7730,7730,46,SUS500,OK
Test#B4-0000084,Test_2025_01_16_7730,7730,46,SUS500,OK
Test#A4-0000044,Test_2025_01_16_7711,7711,48,AL_A_1000,OK
Test#B4-0000044,Test_2025_01_16_7711,7711,48,AL_A_1000,OK
Test#A8-0000024,Test_2025_01_16_7736,7736,51,SUS400,OK
Test#B8-0000024,Test_2025_01_16_7736,7736,51,SUS400,OK
Test#A1-0000025,Test_2025_01_16_7742,7742,55,SUS400,OK
Test#B1-0000025,Test_2025_01_16_7742,7742,55,SUS400,OK
Test#A3-0000099,Test_2025_01_16_7710,7710,56,AL_A_1000,OK
Test#B3-0000099,Test_2025_01_16_7710,7710,56,AL_A_1000,OK
Test#A1-0000089,Test_2025_01_16_7716,7716,57,AL_A_1000,OK
Test#B1-0000089,Test_2025_01_16_7716,7716,57,AL_A_1000,OK
Test#A8-0000080,Test_2025_01_16_7709,7709,58,AL_A_1000,OK
Test#B8-0000080,Test_2025_01_16_7709,7709,58,AL_A_1000,OK
Test#A7-0000023,Test_2025_01_16_7749,7749,63,SUS400,OK
Test#B7-0000023,Test_2025_01_16_7749,7749,63,SUS400,OK
Test#A1-0000057,Test_2025_01_16_7782,7782,81,CU400,OK
Test#B1-0000057,Test_2025_01_16_7782,7782,81,CU400,OK
Test#A4-0000036,Test_2025_01_16_7781,7781,82,CU400,OK
Test#B4-0000036,Test_2025_01_16_7781,7781,82,CU400,OK
Test#A3-0000107,Test_2025_01_16_7780,7780,83,CU400,OK
Test#B3-0000107,Test_2025_01_16_7780,7780,83,CU400,OK
Test#A5-0000093,Test_2025_01_16_7768,7768,85,CU400,OK
Test#B5-0000093,Test_2025_01_16_7768,7768,85,CU400,OK
Test#A4-0000092,Test_2025_01_16_7769,7769,86,CU400,OK
Test#B4-0000092,Test_2025_01_16_7769,7769,86,CU400,OK
Test#A8-0000040,Test_2025_01_16_7770,7770,87,CU400,OK
Test#B8-0000040,Test_2025_01_16_7770,7770,87,CU400,OK
Test#A2-0000098,Test_2025_01_16_7771,7771,88,CU400,OK
Test#B2-0000098,Test_2025_01_16_7771,7771,88,CU400,OK
Test#A1-0000033,Test_2025_01_16_7772,7772,89,CU400,OK
Test#B1-0000033,Test_2025_01_16_7772,7772,89,CU400,OK
Test#A7-0000039,Test_2025_01_16_7760,7760,90,CU500,OK
Test#B7-0000039,Test_2025_01_16_7760,7760,90,CU500,OK
Test#A1-0000073,Test_2025_01_16_7762,7762,92,CU500,OK
Test#B1-0000073,Test_2025_01_16_7762,7762,92,CU500,OK
Test#A7-0000103,Test_2025_01_16_7763,7763,93,CU500,OK
Test#B7-0000103,Test_2025_01_16_7763,7763,93,CU500,OK
Test#A6-0000054,Test_2025_01_16_7764,7764,94,CU500,OK
Test#B6-0000054,Test_2025_01_16_7764,7764,94,CU500,OK
Test#A6-0000086,Test_2025_01_16_7767,7767,95,CU500,OK
Test#B6-0000086,Test_2025_01_16_7767,7767,95,CU500,OK
Test#A5-0000101,Test_2025_01_16_7766,7766,96,CU500,OK
Test#B5-0000101,Test_2025_01_16_7766,7766,96,CU500,OK
Test#A3-0000035,Test_2025_01_16_7765,7765,97,CU500,OK
Test#B3-0000035,Test_2025_01_16_7765,7765,97,CU500,OK
Test#A2-0000034,Test_2025_01_16_7752,7752,98,CU500,OK
Test#B2-0000034,Test_2025_01_16_7752,7752,98,CU500,OK
Test#A7-0000079,Test_2025_01_16_7753,7753,99,CU500,OK
Test#B7-0000079,Test_2025_01_16_7753,7753,99,CU500,OK
Test#A3-0000115,Test_2025_01_16_7754,7754,100,CU500,OK
Test#B3-0000115,Test_2025_01_16_7754,7754,100,CU500,OK
Test#A4-0000012,Test_2025_01_16_7755,7755,101,CU500,OK
Test#B4-0000012,Test_2025_01_16_7755,7755,101,CU500,OK
Test#A8-0000120,Test_2025_01_16_7756,7756,102,CU500,OK
Test#B8-0000120,Test_2025_01_16_7756,7756,102,CU500,OK
Test#A1-0000113,Test_2025_01_16_7758,7758,104,CU500,OK
Test#B1-0000113,Test_2025_01_16_7758,7758,104,CU500,OK
Test#A8-0000072,Test_2025_01_16_7759,7759,105,CU500,OK
Test#B8-0000072,Test_2025_01_16_7759,7759,105,CU500,OK
Test#A6-0000030,Test_2025_01_16_7675,7675,106,SCRAP6,OK
Test#B6-0000030,Test_2025_01_16_7675,7675,106,SCRAP6,OK
Test#A4-0000028,Test_2025_01_16_7701,7701,107,SCRAP6,OK
Test#B4-0000028,Test_2025_01_16_7701,7701,107,SCRAP6,OK
Test#A3-0000067,Test_2025_01_16_7548,7548,109,AL_B_1000,OK
Test#B3-0000067,Test_2025_01_16_7548,7548,109,AL_B_1000,OK
Test#A5-0000005,Test_2025_01_16_7718,7718,110,AL_A_1000,OK
Test#B5-0000005,Test_2025_01_16_7718,7718,110,AL_A_1000,OK
Test#A5-0000029,Test_2025_01_16_7676,7676,114,SCRAP6,OK
Test#B5-0000029,Test_2025_01_16_7676,7676,114,SCRAP6,OK
Test#A7-0000151,Test_2025_01_16_7662,7662,115,SCRAP7,OK
Test#B7-0000151,Test_2025_01_16_7662,7662,115,SCRAP7,OK
Test#A3-0000059,Test_2025_01_16_7712,7712,119,AL_A_1000,OK
Test#B3-0000059,Test_2025_01_16_7712,7712,119,AL_A_1000,OK
Test#A6-0000006,Test_2025_01_16_7665,7665,122,SCRAP7,OK
Test#B6-0000006,Test_2025_01_16_7665,7665,122,SCRAP7,OK
Test#A1-0000041,Test_2025_01_16_7663,7663,124,SCRAP7,OK
Test#B1-0000041,Test_2025_01_16_7663,7663,124,SCRAP7,OK
Test#A2-0000010,Test_2025_01_16_7661,7661,125,SCRAP7,OK
Test#B2-0000010,Test_2025_01_16_7661,7661,125,SCRAP7,OK
Test#A6-0000126,Test_2025_01_16_7568,7568,128,AL_B_1200,OK
Test#B6-0000126,Test_2025_01_16_7568,7568,128,AL_B_1200,OK
Test#A7-0000047,Test_2025_01_16_7567,7567,129,AL_B_1200,OK
Test#B7-0000047,Test_2025_01_16_7567,7567,129,AL_B_1200,OK
Test#A1-0000121,Test_2025_01_16_7566,7566,130,AL_B_1200,OK
Test#B1-0000121,Test_2025_01_16_7566,7566,130,AL_B_1200,OK
Test#A7-0000087,Test_2025_01_16_7565,7565,131,AL_B_1200,OK
Test#B7-0000087,Test_2025_01_16_7565,7565,131,AL_B_1200,OK
Test#A3-0000075,Test_2025_01_16_7564,7564,132,AL_B_1200,OK
Test#B3-0000075,Test_2025_01_16_7564,7564,132,AL_B_1200,OK
Test#A3-0000147,Test_2025_01_16_7563,7563,133,AL_B_1200,OK
Test#B3-0000147,Test_2025_01_16_7563,7563,133,AL_B_1200,OK
Test#A7-0000135,Test_2025_01_16_7562,7562,134,AL_B_1200,OK
Test#B7-0000135,Test_2025_01_16_7562,7562,134,AL_B_1200,OK
Test#A6-0000118,Test_2025_01_16_7561,7561,135,AL_B_1200,OK
Test#B6-0000118,Test_2025_01_16_7561,7561,135,AL_B_1200,OK
Test#A4-0000076,Test_2025_01_16_7560,7560,136,AL_B_1200,OK
Test#B4-0000076,Test_2025_01_16_7560,7560,136,AL_B_1200,OK
Test#A2-0000082,Test_2025_01_16_7559,7559,137,AL_B_1200,OK
Test#B2-0000082,Test_2025_01_16_7559,7559,137,AL_B_1200,OK
Test#A6-0000038,Test_2025_01_16_7557,7557,138,AL_B_1200,OK
Test#B6-0000038,Test_2025_01_16_7557,7557,138,AL_B_1200,OK
Test#A8-0000088,Test_2025_01_16_7556,7556,140,AL_B_1200,OK
Test#B8-0000088,Test_2025_01_16_7556,7556,140,AL_B_1200,OK
Test#A1-0000129,Test_2025_01_16_7552,7552,141,AL_B_1000,OK
Test#B1-0000129,Test_2025_01_16_7552,7552,141,AL_B_1000,OK
Test#A5-0000117,Test_2025_01_16_7553,7553,143,AL_B_1000,OK
Test#B5-0000117,Test_2025_01_16_7553,7553,143,AL_B_1000,OK
Test#A3-0000027,Test_2025_01_16_7551,7551,145,AL_B_1000,OK
Test#B3-0000027,Test_2025_01_16_7551,7551,145,AL_B_1000,OK
Test#A8-0000016,Test_2025_01_16_7545,7545,148,AL_B_1000,OK
Test#B8-0000016,Test_2025_01_16_7545,7545,148,AL_B_1000,OK
Test#A1-0000009,Test_2025_01_16_7541,7541,150,SUS500,OK
Test#B1-0000009,Test_2025_01_16_7541,7541,150,SUS500,OK
Test#A7-0000127,Test_2025_01_16_7540,7540,152,SUS500,OK
Test#B7-0000127,Test_2025_01_16_7540,7540,152,SUS500,OK
Test#A3-0000083,Test_2025_01_16_7537,7537,155,SUS500,OK
Test#B3-0000083,Test_2025_01_16_7537,7537,155,SUS500,OK
Test#A6-0000022,Test_2025_01_16_7532,7532,159,SUS400,OK
Test#B6-0000022,Test_2025_01_16_7532,7532,159,SUS400,OK
Test#A7-0000031,Test_2025_01_16_7531,7531,160,SUS400,OK
Test#B7-0000031,Test_2025_01_16_7531,7531,160,SUS400,OK
Test#A1-0000065,Test_2025_01_16_7530,7530,161,SUS400,OK
Test#B1-0000065,Test_2025_01_16_7530,7530,161,SUS400,OK
Test#A7-0000063,Test_2025_01_16_7526,7526,162,CU500,OK
Test#B7-0000063,Test_2025_01_16_7526,7526,162,CU500,OK
Test#A3-0000003,Test_2025_01_16_7524,7524,164,CU500,OK
Test#B3-0000003,Test_2025_01_16_7524,7524,164,CU500,OK
Test#A2-0000114,Test_2025_01_16_7523,7523,165,CU500,OK
Test#B2-0000114,Test_2025_01_16_7523,7523,165,CU500,OK
Test#A4-0000004,Test_2025_01_16_7522,7522,166,CU500,OK
Test#B4-0000004,Test_2025_01_16_7522,7522,166,CU500,OK
Test#A8-0000128,Test_2025_01_16_7521,7521,167,CU500,OK
Test#B8-0000128,Test_2025_01_16_7521,7521,167,CU500,OK
Test#A4-0000116,Test_2025_01_16_7519,7519,169,CU500,OK
Test#B4-0000116,Test_2025_01_16_7519,7519,169,CU500,OK
Test#A1-0000001,Test_2025_01_16_7517,7517,171,CU400,OK
Test#B1-0000001,Test_2025_01_16_7517,7517,171,CU400,OK
Test#A6-0000046,Test_2025_01_16_7640,7640,176,AL_A_1200,OK
Test#B6-0000046,Test_2025_01_16_7640,7640,176,AL_A_1200,OK
Test#A7-0000119,Test_2025_01_16_7637,7637,177,AL_A_1200,OK
Test#B7-0000119,Test_2025_01_16_7637,7637,177,AL_A_1200,OK
Test#A7-0000007,Test_2025_01_16_7635,7635,180,AL_A_1200,OK
Test#B7-0000007,Test_2025_01_16_7635,7635,180,AL_A_1200,OK
Test#A3-0000011,Test_2025_01_16_7636,7636,181,AL_A_1200,OK
Test#B3-0000011,Test_2025_01_16_7636,7636,181,AL_A_1200,OK
Test#A5-0000053,Test_2025_01_16_7633,7633,182,AL_A_1200,OK
Test#B5-0000053,Test_2025_01_16_7633,7633,182,AL_A_1200,OK
Test#A6-0000070,Test_2025_01_16_7594,7594,183,SCRAP7,OK
Test#B6-0000070,Test_2025_01_16_7594,7594,183,SCRAP7,OK
Test#A6-0000062,Test_2025_01_16_7602,7602,184,SCRAP7,OK
Test#B6-0000062,Test_2025_01_16_7602,7602,184,SCRAP7,OK
Test#A8-0000056,Test_2025_01_16_7588,7588,185,SCRAP7,OK
Test#B8-0000056,Test_2025_01_16_7588,7588,185,SCRAP7,OK
Test#A5-0000061,Test_2025_01_16_7589,7589,186,SCRAP7,OK
Test#B5-0000061,Test_2025_01_16_7589,7589,186,SCRAP7,OK
Test#A2-0000122,Test_2025_01_16_7619,7619,187,AL_A_1200,OK
Test#B2-0000122,Test_2025_01_16_7619,7619,187,AL_A_1200,OK
Test#A1-0000049,Test_2025_01_16_7625,7625,188,AL_A_1200,OK
Test#B1-0000049,Test_2025_01_16_7625,7625,188,AL_A_1200,OK
Test#A4-0000068,Test_2025_01_16_7618,7618,189,AL_A_1200,OK
Test#B4-0000068,Test_2025_01_16_7618,7618,189,AL_A_1200,OK
Test#A2-0000042,Test_2025_01_16_7626,7626,190,AL_A_1200,OK
Test#B2-0000042,Test_2025_01_16_7626,7626,190,AL_A_1200,OK
Test#A7-0000143,Test_2025_01_16_7623,7623,191,AL_A_1200,OK
Test#B7-0000143,Test_2025_01_16_7623,7623,191,AL_A_1200,OK
Test#A4-0000108,Test_2025_01_16_7616,7616,192,AL_A_1200,OK
Test#B4-0000108,Test_2025_01_16_7616,7616,192,AL_A_1200,OK
Test#A6-0000110,Test_2025_01_16_7615,7615,193,AL_A_1200,OK
Test#B6-0000110,Test_2025_01_16_7615,7615,193,AL_A_1200,OK
Test#A2-0000002,Test_2025_01_16_7628,7628,194,AL_A_1200,OK
Test#B2-0000002,Test_2025_01_16_7628,7628,194,AL_A_1200,OK
Test#A2-0000074,Test_2025_01_16_7630,7630,195,AL_A_1200,OK
Test#B2-0000074,Test_2025_01_16_7630,7630,195,AL_A_1200,OK
Test#A8-0000008,Test_2025_01_16_7632,7632,196,AL_A_1200,OK
Test#B8-0000008,Test_2025_01_16_7632,7632,196,AL_A_1200,OK
Test#A4-0000124,Test_2025_01_16_7629,7629,198,AL_A_1200,OK
Test#B4-0000124,Test_2025_01_16_7629,7629,198,AL_A_1200,OK
Test#A5-0000125,Test_2025_01_16_7631,7631,199,AL_A_1200,OK
Test#B5-0000125,Test_2025_01_16_7631,7631,199,AL_A_1200,OK
Test#A5-0000133,Test_2025_01_16_7627,7627,200,AL_A_1200,OK
Test#B5-0000133,Test_2025_01_16_7627,7627,200,AL_A_1200,OK
Test#A2-0000050,Test_2025_01_16_7613,7613,201,AL_A_1000,OK
Test#B2-0000050,Test_2025_01_16_7613,7613,201,AL_A_1000,OK
Test#A2-0000058,Test_2025_01_16_7612,7612,202,AL_A_1000,OK
Test#B2-0000058,Test_2025_01_16_7612,7612,202,AL_A_1000,OK
Test#A2-0000130,Test_2025_01_16_7611,7611,203,AL_A_1000,OK
Test#B2-0000130,Test_2025_01_16_7611,7611,203,AL_A_1000,OK
Test#A7-0000015,Test_2025_01_16_7610,7610,204,AL_A_1000,OK
Test#B7-0000015,Test_2025_01_16_7610,7610,204,AL_A_1000,OK
Test#A1-0000145,Test_2025_01_16_7609,7609,205,AL_A_1000,OK
Test#B1-0000145,Test_2025_01_16_7609,7609,205,AL_A_1000,OK
Test#A8-0000104,Test_2025_01_16_7614,7614,207,AL_A_1000,OK
Test#B8-0000104,Test_2025_01_16_7614,7614,207,AL_A_1000,OK
Test#A2-0000146,Test_2025_01_16_7605,7605,209,AL_A_1000,OK
Test#B2-0000146,Test_2025_01_16_7605,7605,209,AL_A_1000,OK
Test#A8-0000112,Test_2025_01_16_7596,7596,211,SCRAP7,OK
Test#B8-0000112,Test_2025_01_16_7596,7596,211,SCRAP7,OK
Test#A7-0000111,Test_2025_01_16_7598,7598,213,SCRAP7,OK
Test#B7-0000111,Test_2025_01_16_7598,7598,213,SCRAP7,OK
Test#A3-0000131,Test_2025_01_16_7592,7592,214,SCRAP7,OK
Test#B3-0000131,Test_2025_01_16_7592,7592,214,SCRAP7,OK
Test#A1-0000105,Test_2025_01_16_7599,7599,215,SCRAP7,OK
Test#B1-0000105,Test_2025_01_16_7599,7599,215,SCRAP7,OK
Test#A4-0000148,Test_2025_01_16_7595,7595,217,SCRAP7,OK
Test#B4-0000148,Test_2025_01_16_7595,7595,217,SCRAP7,OK
Test#A4-0000140,Test_2025_01_16_7620,7620,219,AL_A_1200,OK
Test#B4-0000140,Test_2025_01_16_7620,7620,219,AL_A_1200,OK
Test#A2-0000138,Test_2025_01_16_7617,7617,220,AL_A_1200,OK
Test#B2-0000138,Test_2025_01_16_7617,7617,220,AL_A_1200,OK
Test#A5-0000141,Test_2025_01_16_7624,7624,221,AL_A_1200,OK
Test#B5-0000141,Test_2025_01_16_7624,7624,221,AL_A_1200,OK
Test#A2-0000106,Test_2025_01_16_7622,7622,222,AL_A_1200,OK
Test#B2-0000106,Test_2025_01_16_7622,7622,222,AL_A_1200,OK
Test#A6-0000102,Test_2025_01_16_7621,7621,223,AL_A_1200,OK
Test#B6-0000102,Test_2025_01_16_7621,7621,223,AL_A_1200,OK
Test#A8-0000096,Test_2025_01_16_7591,7591,224,SCRAP7,OK
Test#B8-0000096,Test_2025_01_16_7591,7591,224,SCRAP7,OK
Test#A4-0000132,Test_2025_01_16_7587,7587,226,SCRAP7,OK
Test#B4-0000132,Test_2025_01_16_7587,7587,226,SCRAP7,OK
Test#A5-0000109,Test_2025_01_16_7586,7586,227,SCRAP7,OK
Test#B5-0000109,Test_2025_01_16_7586,7586,227,SCRAP7,OK
Test#A8-0000144,Test_2025_01_16_7585,7585,228,SCRAP7,OK
Test#B8-0000144,Test_2025_01_16_7585,7585,228,SCRAP7,OK
Test#A5-0000149,Test_2025_01_16_7583,7583,229,SCRAP7,OK
Test#B5-0000149,Test_2025_01_16_7583,7583,229,SCRAP7,OK
Test#A8-0000152,Test_2025_01_16_7692,7692,236,SCRAP6,OK
Test#B8-0000152,Test_2025_01_16_7692,7692,236,SCRAP6,OK
Test#A2-0000026,Test_2025_01_16_7696,7696,237,SCRAP6,OK
Test#B2-0000026,Test_2025_01_16_7696,7696,237,SCRAP6,OK
Test#A4-0000020,Test_2025_01_16_7739,7739,247,SUS400,OK
Test#B4-0000020,Test_2025_01_16_7739,7739,247,SUS400,OK
Test#A5-0000069,Test_2025_01_16_7740,7740,249,SUS400,OK
Test#B5-0000069,Test_2025_01_16_7740,7740,249,SUS400,OK
Test#A5-0000021,Test_2025_01_16_7528,7528,251,SUS400,OK
Test#B5-0000021,Test_2025_01_16_7528,7528,251,SUS400,OK
Test#A4-0000100,Test_2025_01_16_7777,7777,254,CU400,OK
Test#B4-0000100,Test_2025_01_16_7777,7777,254,CU400,OK
Test#A4-0000052,Test_2025_01_16_7511,7511,256,CU400,OK
Test#B4-0000052,Test_2025_01_16_7511,7511,256,CU400,OK
Test#A6-0000014,Test_2025_01_16_7604,7604,262,AL_A_1000,OK
Test#B6-0000014,Test_2025_01_16_7604,7604,262,AL_A_1000,OK
Test#A1-0000017,Test_2025_01_16_7714,7714,263,AL_A_1000,OK
Test#B1-0000017,Test_2025_01_16_7714,7714,263,AL_A_1000,OK
Test#A5-0000013,Test_2025_01_16_7717,7717,264,AL_A_1000,OK
Test#B5-0000013,Test_2025_01_16_7717,7717,264,AL_A_1000,OK
Test#A6-0000150,Test_2025_01_16_7608,7608,267,AL_A_1000,OK
Test#B6-0000150,Test_2025_01_16_7608,7608,267,AL_A_1000,OK
Test#A3-0000139,Test_2025_01_16_7597,7597,,,barcode 매칭 실패
Test#A7-0000071,Test_2025_01_16_7708,7708,,,barcode 매칭 실패
Test#A8-0000032,Test_2025_01_16_7747,7747,,,barcode 매칭 실패
Test#A8-0000136,Test_2025_01_16_7555,7555,,,barcode 매칭 실패
Test#B3-0000139,Test_2025_01_16_7597,7597,,,barcode 매칭 실패
Test#B7-0000071,Test_2025_01_16_7708,7708,,,barcode 매칭 실패
Test#B8-0000032,Test_2025_01_16_7747,7747,,,barcode 매칭 실패
Test#B8-0000136,Test_2025_01_16_7555,7555,,,barcode 매칭 실패
